{"losses": [[1, 2.1156440083399497], [2, 2.13635031150778], [3, 2.172589157195619], [4, 2.1561659117403047], [5, 2.120473887767607]], "cluster_quality": [[1, 0.20038070214290765], [2, 0.16049412546861208], [3, 0.14859723430386343], [4, 0.14433325708252293], [5, 0.13290942834771385]], "params": {"P": 1, "input": "data/artist_edges.csv", "annealing_factor": 1, "lambd": 0.0625, "overlap_weighting": "normalized_overlap", "initial_gamma": 0.1, "log_output": "out/logs/artist.json", "Q": 1, "initial_learning_rate": 0.01, "walker": "first", "model": "DeepWalk", "minimal_learning_rate": 0.001, "embedding_output": "out/embeddings/artist.csv", "dimensions": 16, "distortion": 0.75, "dump_matrices": true, "random_walk_length": 80, "assignment_output": "out/assignment/artist.json", "regularization_noise": 1e-08, "cluster_number": 20, "num_of_walks": 5, "negative_sample_number": 10, "cluster_mean_output": "out/cluster_means/artist.csv", "window_size": 5, "final_gamma": 0.5}, "times": [[1, 1150.4873592853546], [2, 926.2660667896271], [3, 757.8605082035065], [4, 1105.2716529369354], [5, 907.7108347415924]]}