{"losses": [[1, 1.477870071908094], [2, 1.2203650423565717], [3, 1.1893220358288263], [4, 1.1594672030290585], [5, 1.1249525121567032]], "params": {"log_output": "out/logs/athletes.json", "window_size": 5, "negative_sample_number": 10, "distortion": 0.75, "cluster_number": 20, "dimensions": 16, "regularization_noise": 1e-08, "minimal_learning_rate": 0.001, "input": "data/athletes_edges.csv", "annealing_factor": 1, "overlap_weighting": "normalized_overlap", "num_of_walks": 5, "assignment_output": "out/assignment/athletes.json", "final_gamma": 0.5, "cluster_mean_output": "out/cluster_means/athletes.csv", "dump_matrices": true, "initial_gamma": 0.1, "Q": 1, "embedding_output": "out/embeddings/athletes.csv", "walker": "first", "P": 1, "random_walk_length": 80, "initial_learning_rate": 0.01, "model": "DeepWalk", "lambd": 0.0625}, "cluster_quality": [[1, 0.5993730622756346], [2, 0.5737978684334833], [3, 0.4986176014760144], [4, 0.41593400634634714], [5, 0.3835329063936649]], "times": [[1, 211.80458211898804], [2, 209.83689522743225], [3, 207.84948825836182], [4, 192.90484833717346], [5, 156.49339532852173]]}