{"times": [[1, 204.70898175239563], [2, 213.18960690498352], [3, 205.041277885437], [4, 189.01662015914917], [5, 182.20789098739624]], "losses": [[1, 1.3559662966635866], [2, 0.9878462919375135], [3, 0.9372071189315115], [4, 0.9052576070323374], [5, 0.8769592919371638]], "cluster_quality": [[1, 0.590781253991423], [2, 0.5734532804650715], [3, 0.5329124753717206], [4, 0.5063983499687776], [5, 0.480569305064535]], "params": {"cluster_mean_output": "out/cluster_means/company.csv", "Q": 1, "initial_gamma": 0.1, "cluster_number": 20, "assignment_output": "out/assignment/company.json", "walker": "first", "annealing_factor": 1, "regularization_noise": 1e-08, "log_output": "out/logs/company.json", "negative_sample_number": 10, "distortion": 0.75, "embedding_output": "out/embeddings/company.csv", "input": "data/company_edges.csv", "num_of_walks": 5, "minimal_learning_rate": 0.001, "dump_matrices": true, "lambd": 0.0625, "final_gamma": 0.5, "random_walk_length": 80, "window_size": 5, "model": "DeepWalk", "overlap_weighting": "normalized_overlap", "dimensions": 16, "initial_learning_rate": 0.01, "P": 1}}