{"losses": [[1, 1.520127982635986], [2, 1.2426472783014253], [3, 1.189325980581206], [4, 1.1582238268585754], [5, 1.131897950759976]], "times": [[1, 76.69677543640137], [2, 74.51455736160278], [3, 74.95217251777649], [4, 71.02621102333069], [5, 73.33042001724243]], "params": {"dump_matrices": true, "annealing_factor": 1, "initial_gamma": 0.1, "final_gamma": 0.5, "P": 1, "walker": "first", "regularization_noise": 1e-08, "num_of_walks": 5, "distortion": 0.75, "window_size": 5, "lambd": 0.0625, "input": "data/government_edges.csv", "minimal_learning_rate": 0.001, "assignment_output": "out/assignment/government.json", "log_output": "out/logs/government.json", "model": "DeepWalk", "cluster_mean_output": "out/cluster_means/government.csv", "cluster_number": 20, "negative_sample_number": 10, "random_walk_length": 80, "overlap_weighting": "normalized_overlap", "embedding_output": "out/embeddings/government.csv", "initial_learning_rate": 0.01, "dimensions": 16, "Q": 1}, "cluster_quality": [[1, 0.6280181529896784], [2, 0.6412543976946132], [3, 0.5907930158093052], [4, 0.574763264654809], [5, 0.5427539089491489]]}