{"cluster_quality": [[1, 0.4465143218403675], [2, 0.3580736185755639], [3, 0.3326840678717501], [4, 0.31220373142587665], [5, 0.29589362455863805]], "params": {"log_output": "out/logs/new_sites.json", "minimal_learning_rate": 0.001, "dimensions": 16, "final_gamma": 0.5, "input": "data/new_sites_edges.csv", "embedding_output": "out/embeddings/new_sites.csv", "annealing_factor": 1, "walker": "first", "negative_sample_number": 10, "initial_learning_rate": 0.01, "window_size": 5, "distortion": 0.75, "random_walk_length": 80, "assignment_output": "out/assignment/new_sites.json", "lambd": 0.0625, "Q": 1, "cluster_mean_output": "out/cluster_means/new_sites.csv", "regularization_noise": 1e-08, "overlap_weighting": "normalized_overlap", "cluster_number": 20, "num_of_walks": 5, "model": "DeepWalk", "P": 1, "initial_gamma": 0.1, "dump_matrices": true}, "times": [[1, 442.32780051231384], [2, 433.89369893074036], [3, 369.206524848938], [4, 424.06974935531616], [5, 423.84902715682983]], "losses": [[1, 1.7676867528723437], [2, 1.5584557904210021], [3, 1.5180154991707702], [4, 1.467779573770998], [5, 1.4145903992534345]]}