{"losses": [[1, 1.0548789136435839], [2, 0.7169822949019797], [3, 0.6541979961228395], [4, 0.634025687308571], [5, 0.611613133509268]], "times": [[1, 51.40994334220886], [2, 51.19889974594116], [3, 49.47566366195679], [4, 49.780168771743774], [5, 48.34350514411926]], "params": {"P": 1, "num_of_walks": 5, "dump_matrices": true, "cluster_mean_output": "out/cluster_means/politician.csv", "lambd": 0.0625, "model": "DeepWalk", "log_output": "out/logs/politician.json", "input": "data/politician_edges.csv", "window_size": 5, "embedding_output": "out/embeddings/politician.csv", "cluster_number": 20, "dimensions": 16, "random_walk_length": 80, "negative_sample_number": 10, "walker": "first", "final_gamma": 0.5, "regularization_noise": 1e-08, "overlap_weighting": "normalized_overlap", "annealing_factor": 1, "minimal_learning_rate": 0.001, "distortion": 0.75, "Q": 1, "assignment_output": "out/assignment/politician.json", "initial_learning_rate": 0.01, "initial_gamma": 0.1}, "cluster_quality": [[1, 0.8388605621187806], [2, 0.8163103599114985], [3, 0.7912662014907206], [4, 0.7950305019910588], [5, 0.7406798959059913]]}