{"params": {"walker": "first", "initial_gamma": 0.1, "assignment_output": "out/assignment/public_figure.json", "log_output": "out/logs/public_figure.json", "model": "DeepWalk", "distortion": 0.75, "dump_matrices": true, "input": "data/public_figure_edges.csv", "final_gamma": 0.5, "num_of_walks": 5, "lambd": 0.0625, "P": 1, "negative_sample_number": 10, "cluster_number": 20, "minimal_learning_rate": 0.001, "window_size": 5, "overlap_weighting": "normalized_overlap", "annealing_factor": 1, "Q": 1, "random_walk_length": 80, "cluster_mean_output": "out/cluster_means/public_figure.csv", "dimensions": 16, "embedding_output": "out/embeddings/public_figure.csv", "regularization_noise": 1e-08, "initial_learning_rate": 0.01}, "losses": [[1, 1.5522324885573067], [2, 1.2477109739949892], [3, 1.182140232968316], [4, 1.1444566383978927], [5, 1.1133936630635632]], "times": [[1, 131.52287101745605], [2, 135.84622025489807], [3, 124.12784600257874], [4, 116.30329465866089], [5, 113.55526685714722]], "cluster_quality": [[1, 0.4872082712607546], [2, 0.42630366550752286], [3, 0.38130320335245194], [4, 0.3651027972362367], [5, 0.34054828683554567]]}