{"times": [[1, 24.691810846328735], [2, 24.67736577987671], [3, 23.387941122055054], [4, 23.82402014732361], [5, 23.80879282951355]], "params": {"distortion": 0.75, "random_walk_length": 80, "cluster_mean_output": "out/cluster_means/tvshow.csv", "assignment_output": "out/assignment/tvshow.json", "initial_learning_rate": 0.01, "final_gamma": 0.5, "dimensions": 16, "walker": "first", "lambd": 0.0625, "Q": 1, "annealing_factor": 1, "regularization_noise": 1e-08, "log_output": "out/logs/tvshow.json", "dump_matrices": true, "input": "data/tvshow_edges.csv", "window_size": 5, "cluster_number": 20, "initial_gamma": 0.1, "P": 1, "num_of_walks": 5, "negative_sample_number": 10, "model": "DeepWalk", "minimal_learning_rate": 0.001, "embedding_output": "out/embeddings/tvshow.csv", "overlap_weighting": "normalized_overlap"}, "losses": [[1, 1.039696638182357], [2, 0.5399222102857081], [3, 0.45751648533325745], [4, 0.4264870855655254], [5, 0.4072202335270986]], "cluster_quality": [[1, 0.7997923186221267], [2, 0.8059137681945302], [3, 0.8184095042697375], [4, 0.8112914228942051], [5, 0.7915346831679868]]}