{"params": {"distortion": 0.75, "input": "twitter_combined.csv", "cluster_mean_output": "out/cluster_means/twitter_combined.csv", "P": 1, "negative_sample_number": 10, "lambd": 0.0625, "dimensions": 16, "minimal_learning_rate": 0.001, "cluster_number": 20, "assignment_output": "out/assignment/twitter_combined.json", "random_walk_length": 80, "final_gamma": 0.5, "log_output": "out/logs/twitter_combined.json", "annealing_factor": 1, "initial_learning_rate": 0.01, "initial_gamma": 0.1, "embedding_output": "out/embeddings/twitter_combined.csv", "overlap_weighting": "normalized_overlap", "window_size": 5, "dump_matrices": true, "model": "DeepWalk", "num_of_walks": 5, "Q": 1, "walker": "first", "regularization_noise": 1e-08}, "cluster_quality": [[1, 0.405275777960139], [2, 0.3724034293459933], [3, 0.36240866149230055], [4, 0.3656316299414779], [5, 0.3671986805988356]], "times": [[1, 2918.6071951389313], [2, 2808.755173444748], [3, 2826.7821316719055], [4, 2807.5628015995026], [5, 2379.136373758316]], "losses": [[1, 1.3762680341417917], [2, 1.4721313626454422], [3, 1.575245153095808], [4, 1.6268536189253344], [5, 1.6482136179261873]]}