{"losses": [[1, 1.6815403348419826], [2, 1.406665192352527], [3, 1.357892499990266], [4, 1.3133379040603237], [5, 1.273927263610337]], "times": [[1, 321.49912548065186], [2, 318.50916481018066], [3, 313.98028779029846], [4, 298.328430891037], [5, 313.9901945590973]], "params": {"num_of_walks": 5, "minimal_learning_rate": 0.001, "model": "GEMSECWithRegularization", "distortion": 0.75, "final_gamma": 0.5, "P": 1, "lambd": 0.0625, "walker": "first", "assignment_output": "out/assignment/athletes.json", "overlap_weighting": "normalized_overlap", "embedding_output": "out/embeddings/athletes.csv", "cluster_mean_output": "out/cluster_means/athletes.csv", "initial_gamma": 0.1, "Q": 1, "annealing_factor": 1, "log_output": "out/logs/athletes.json", "cluster_number": 20, "negative_sample_number": 10, "window_size": 5, "initial_learning_rate": 0.01, "input": "data/athletes_edges.csv", "regularization_noise": 1e-08, "random_walk_length": 80, "dump_matrices": true, "dimensions": 16}, "cluster_quality": [[1, 0.6258794870036876], [2, 0.6212117620693937], [3, 0.6039993860863788], [4, 0.5922657917472673], [5, 0.5888185483227308]]}