{"losses": [[1, 1.5511371087878658], [2, 1.1735111375812546], [3, 1.112338264889512], [4, 1.0714388946503504], [5, 1.0353210240168012]], "params": {"assignment_output": "out/assignment/company.json", "window_size": 5, "dump_matrices": true, "model": "GEMSECWithRegularization", "random_walk_length": 80, "overlap_weighting": "normalized_overlap", "initial_learning_rate": 0.01, "num_of_walks": 5, "initial_gamma": 0.1, "log_output": "out/logs/company.json", "input": "data/company_edges.csv", "final_gamma": 0.5, "minimal_learning_rate": 0.001, "regularization_noise": 1e-08, "P": 1, "dimensions": 16, "embedding_output": "out/embeddings/company.csv", "walker": "first", "negative_sample_number": 10, "Q": 1, "annealing_factor": 1, "lambd": 0.0625, "distortion": 0.75, "cluster_mean_output": "out/cluster_means/company.csv", "cluster_number": 20}, "times": [[1, 237.78791284561157], [2, 235.26797103881836], [3, 217.1284327507019], [4, 221.23123121261597], [5, 203.1101999282837]], "cluster_quality": [[1, 0.60222791472875], [2, 0.6077515985700734], [3, 0.6065012139773328], [4, 0.6026967915235266], [5, 0.6004630079981769]]}