{"params": {"random_walk_length": 80, "input": "data/government_edges.csv", "regularization_noise": 1e-08, "P": 1, "minimal_learning_rate": 0.001, "final_gamma": 0.5, "num_of_walks": 5, "negative_sample_number": 10, "window_size": 5, "log_output": "out/logs/government.json", "cluster_mean_output": "out/cluster_means/government.csv", "Q": 1, "assignment_output": "out/assignment/government.json", "dump_matrices": true, "lambd": 0.0625, "overlap_weighting": "normalized_overlap", "initial_gamma": 0.1, "annealing_factor": 1, "model": "GEMSECWithRegularization", "distortion": 0.75, "initial_learning_rate": 0.01, "embedding_output": "out/embeddings/government.csv", "dimensions": 16, "walker": "first", "cluster_number": 20}, "times": [[1, 193.15964889526367], [2, 170.90361762046814], [3, 181.0261664390564], [4, 181.77343273162842], [5, 130.90789437294006]], "cluster_quality": [[1, 0.6540258306749203], [2, 0.6649680821874041], [3, 0.6694129117621922], [4, 0.6750205210674627], [5, 0.6775338262806644]], "losses": [[1, 1.6905234626484977], [2, 1.4038038243395388], [3, 1.3386795228967183], [4, 1.2866885044399647], [5, 1.2571258430655707]]}