{"losses": [[1, 1.9810149518030824], [2, 1.7588363167272258], [3, 1.6921996132919666], [4, 1.6203206998741477], [5, 1.5603131355755342]], "times": [[1, 818.3716516494751], [2, 897.797554731369], [3, 802.2899951934814], [4, 545.0707581043243], [5, 463.0542426109314]], "cluster_quality": [[1, 0.4478118450248542], [2, 0.4242805471113079], [3, 0.40866857837547843], [4, 0.4027935154646994], [5, 0.4081166896715729]], "params": {"negative_sample_number": 10, "overlap_weighting": "normalized_overlap", "assignment_output": "out/assignment/new_sites.json", "initial_learning_rate": 0.01, "window_size": 5, "lambd": 0.0625, "log_output": "out/logs/new_sites.json", "dimensions": 16, "num_of_walks": 5, "annealing_factor": 1, "Q": 1, "regularization_noise": 1e-08, "cluster_number": 20, "P": 1, "cluster_mean_output": "out/cluster_means/new_sites.csv", "model": "GEMSECWithRegularization", "minimal_learning_rate": 0.001, "walker": "first", "input": "data/new_sites_edges.csv", "initial_gamma": 0.1, "final_gamma": 0.5, "random_walk_length": 80, "dump_matrices": true, "distortion": 0.75, "embedding_output": "out/embeddings/new_sites.csv"}}