{"cluster_quality": [[1, 0.840111704189629], [2, 0.8433948943368763], [3, 0.8506959892489321], [4, 0.8505356871834705], [5, 0.8531519045499737]], "times": [[1, 68.34504914283752], [2, 68.16554474830627], [3, 68.25273489952087], [4, 68.44886541366577], [5, 68.3453516960144]], "losses": [[1, 1.2028568636439363], [2, 0.856992449366772], [3, 0.7928443783257325], [4, 0.7625026291355456], [5, 0.7243165268117251]], "params": {"final_gamma": 0.5, "Q": 1, "input": "data/politician_edges.csv", "overlap_weighting": "normalized_overlap", "num_of_walks": 5, "distortion": 0.75, "regularization_noise": 1e-08, "dump_matrices": true, "assignment_output": "out/assignment/politician.json", "negative_sample_number": 10, "initial_learning_rate": 0.01, "walker": "first", "cluster_mean_output": "out/cluster_means/politician.csv", "lambd": 0.0625, "window_size": 5, "cluster_number": 20, "embedding_output": "out/embeddings/politician.csv", "annealing_factor": 1, "model": "GEMSECWithRegularization", "dimensions": 16, "log_output": "out/logs/politician.json", "initial_gamma": 0.1, "random_walk_length": 80, "minimal_learning_rate": 0.001, "P": 1}}