{"times": [[1, 238.60852766036987], [2, 233.61231112480164], [3, 223.42896819114685], [4, 231.69413256645203], [5, 230.45630192756653]], "cluster_quality": [[1, 0.6085098199591632], [2, 0.5806235205650645], [3, 0.5838119013534094], [4, 0.5861724288438618], [5, 0.584589484897252]], "params": {"regularization_noise": 1e-08, "dimensions": 16, "walker": "first", "random_walk_length": 80, "Q": 1, "cluster_mean_output": "out/cluster_means/public_figure.csv", "num_of_walks": 5, "cluster_number": 20, "annealing_factor": 1, "window_size": 5, "initial_learning_rate": 0.01, "minimal_learning_rate": 0.001, "dump_matrices": true, "final_gamma": 0.5, "P": 1, "initial_gamma": 0.1, "assignment_output": "out/assignment/public_figure.json", "embedding_output": "out/embeddings/public_figure.csv", "log_output": "out/logs/public_figure.json", "lambd": 0.0625, "negative_sample_number": 10, "overlap_weighting": "normalized_overlap", "model": "GEMSECWithRegularization", "input": "data/public_figure_edges.csv", "distortion": 0.75}, "losses": [[1, 1.7090620552493647], [2, 1.3983660873954966], [3, 1.3301059942972762], [4, 1.2757232060553678], [5, 1.238960639834549]]}