{"params": {"initial_gamma": 0.1, "dimensions": 16, "input": "data/tvshow_edges.csv", "window_size": 5, "annealing_factor": 1, "model": "GEMSECWithRegularization", "final_gamma": 0.5, "assignment_output": "out/assignment/tvshow.json", "initial_learning_rate": 0.01, "random_walk_length": 80, "P": 1, "embedding_output": "out/embeddings/tvshow.csv", "negative_sample_number": 10, "cluster_mean_output": "out/cluster_means/tvshow.csv", "walker": "first", "minimal_learning_rate": 0.001, "distortion": 0.75, "Q": 1, "cluster_number": 20, "dump_matrices": true, "num_of_walks": 5, "regularization_noise": 1e-08, "log_output": "out/logs/tvshow.json", "lambd": 0.0625, "overlap_weighting": "normalized_overlap"}, "losses": [[1, 1.249150004046457], [2, 0.725621496111859], [3, 0.6283686216480318], [4, 0.5818124188785991], [5, 0.5513936391120388]], "cluster_quality": [[1, 0.8141638325854827], [2, 0.8322034494757248], [3, 0.8336780046425384], [4, 0.8396730416226851], [5, 0.8403628675004473]], "times": [[1, 64.79171991348267], [2, 63.70208787918091], [3, 63.788907051086426], [4, 63.27879071235657], [5, 62.01887822151184]]}