{"losses": [[1, 1.5981285079087222], [2, 1.6785226041571644], [3, 1.7795662955255596], [4, 1.8248538562978356], [5, 1.832089929575874]], "cluster_quality": [[1, 0.5960113839415508], [2, 0.6118762376429651], [3, 0.6171752511682501], [4, 0.6206207051555903], [5, 0.6223868771365605]], "params": {"embedding_output": "out/embeddings/twitter_combined.csv", "assignment_output": "out/assignment/twitter_combined.json", "log_output": "out/logs/twitter_combined.json", "input": "twitter_combined.csv", "minimal_learning_rate": 0.001, "regularization_noise": 1e-08, "annealing_factor": 1, "dump_matrices": true, "Q": 1, "dimensions": 16, "window_size": 5, "negative_sample_number": 10, "num_of_walks": 5, "final_gamma": 0.5, "P": 1, "cluster_mean_output": "out/cluster_means/twitter_combined.csv", "distortion": 0.75, "walker": "first", "cluster_number": 20, "initial_learning_rate": 0.01, "overlap_weighting": "normalized_overlap", "model": "GEMSECWithRegularization", "random_walk_length": 80, "initial_gamma": 0.1, "lambd": 0.0625}, "times": [[1, 2587.258087873459], [2, 2583.5153801441193], [3, 2484.9985649585724], [4, 2590.3650617599487], [5, 2605.0149550437927]]}