{"losses": [[1, 2.223205385884943], [2, 2.2041133158763637], [3, 2.215193637042034], [4, 2.2066548363524747], [5, 2.167002301863086]], "cluster_quality": [[1, 0.28715398743328246], [2, 0.25677955373602473], [3, 0.2513697800053175], [4, 0.2486813759018341], [5, 0.2500277328719339]], "times": [[1, 1015.1206765174866], [2, 1362.895107269287], [3, 1092.1294100284576], [4, 1364.1918642520905], [5, 1115.0934238433838]], "params": {"Q": 1, "P": 1, "dump_matrices": true, "num_of_walks": 5, "initial_gamma": 0.1, "final_gamma": 0.5, "window_size": 5, "cluster_number": 20, "lambd": 0.0625, "regularization_noise": 1e-08, "initial_learning_rate": 0.01, "cluster_mean_output": "out/cluster_means/artist.csv", "overlap_weighting": "normalized_overlap", "model": "GEMSEC", "assignment_output": "out/assignment/artist.json", "negative_sample_number": 10, "dimensions": 16, "distortion": 0.75, "walker": "first", "log_output": "out/logs/artist.json", "annealing_factor": 1, "input": "data/artist_edges.csv", "minimal_learning_rate": 0.001, "random_walk_length": 80, "embedding_output": "out/embeddings/artist.csv"}}