{"losses": [[1, 1.6097386769598978], [2, 1.3480592263029902], [3, 1.3026224409154694], [4, 1.271342412055347], [5, 1.2357683519325149]], "cluster_quality": [[1, 0.6109980045624209], [2, 0.5772397826776883], [3, 0.5478170319119897], [4, 0.523870421595137], [5, 0.5156707060802899]], "times": [[1, 371.5039098262787], [2, 353.2594139575958], [3, 358.5259618759155], [4, 342.56240820884705], [5, 351.4363386631012]], "params": {"cluster_number": 20, "embedding_output": "out/embeddings/athletes.csv", "num_of_walks": 5, "annealing_factor": 1, "lambd": 0.0625, "negative_sample_number": 10, "log_output": "out/logs/athletes.json", "minimal_learning_rate": 0.001, "distortion": 0.75, "overlap_weighting": "normalized_overlap", "Q": 1, "final_gamma": 0.5, "dump_matrices": true, "assignment_output": "out/assignment/athletes.json", "regularization_noise": 1e-08, "initial_gamma": 0.1, "cluster_mean_output": "out/cluster_means/athletes.csv", "input": "data/athletes_edges.csv", "walker": "first", "random_walk_length": 80, "P": 1, "initial_learning_rate": 0.01, "dimensions": 16, "window_size": 5, "model": "GEMSEC"}}