{"cluster_quality": [[1, 0.5888074078326855], [2, 0.5870898452496388], [3, 0.575675367327866], [4, 0.5686812520947263], [5, 0.5634053967273976]], "times": [[1, 258.2898180484772], [2, 256.4564025402069], [3, 219.35763454437256], [4, 179.0872266292572], [5, 220.53458642959595]], "params": {"lambd": 0.0625, "random_walk_length": 80, "assignment_output": "out/assignment/company.json", "num_of_walks": 5, "initial_gamma": 0.1, "embedding_output": "out/embeddings/company.csv", "negative_sample_number": 10, "log_output": "out/logs/company.json", "input": "data/company_edges.csv", "annealing_factor": 1, "cluster_number": 20, "P": 1, "initial_learning_rate": 0.01, "distortion": 0.75, "dump_matrices": true, "walker": "first", "cluster_mean_output": "out/cluster_means/company.csv", "dimensions": 16, "Q": 1, "minimal_learning_rate": 0.001, "final_gamma": 0.5, "regularization_noise": 1e-08, "model": "GEMSEC", "overlap_weighting": "normalized_overlap", "window_size": 5}, "losses": [[1, 1.4841034319881323], [2, 1.1182970853985277], [3, 1.067619217974775], [4, 1.0229515624456627], [5, 0.9933976217599404]]}