{"losses": [[1, 1.6257408730283462], [2, 1.33319103353246], [3, 1.2812279539600604], [4, 1.2390210268623356], [5, 1.2124757925590872]], "cluster_quality": [[1, 0.6435016209813954], [2, 0.6486718811450409], [3, 0.6461933291376314], [4, 0.6444903603832473], [5, 0.6455064850143452]], "params": {"cluster_number": 20, "dimensions": 16, "dump_matrices": true, "distortion": 0.75, "overlap_weighting": "normalized_overlap", "final_gamma": 0.5, "cluster_mean_output": "out/cluster_means/government.csv", "negative_sample_number": 10, "model": "GEMSEC", "lambd": 0.0625, "num_of_walks": 5, "walker": "first", "minimal_learning_rate": 0.001, "embedding_output": "out/embeddings/government.csv", "assignment_output": "out/assignment/government.json", "Q": 1, "random_walk_length": 80, "regularization_noise": 1e-08, "initial_learning_rate": 0.01, "annealing_factor": 1, "input": "data/government_edges.csv", "log_output": "out/logs/government.json", "initial_gamma": 0.1, "window_size": 5, "P": 1}, "times": [[1, 143.13148832321167], [2, 139.64804935455322], [3, 139.083749294281], [4, 135.20921850204468], [5, 137.06827545166016]]}