{"cluster_quality": [[1, 0.450631298463696], [2, 0.41072501090329133], [3, 0.38087531752804327], [4, 0.3577796834719842], [5, 0.3544613213122235]], "params": {"walker": "first", "window_size": 5, "embedding_output": "out/embeddings/new_sites.csv", "regularization_noise": 1e-08, "final_gamma": 0.5, "minimal_learning_rate": 0.001, "annealing_factor": 1, "log_output": "out/logs/new_sites.json", "negative_sample_number": 10, "random_walk_length": 80, "input": "data/new_sites_edges.csv", "Q": 1, "dimensions": 16, "cluster_mean_output": "out/cluster_means/new_sites.csv", "distortion": 0.75, "initial_learning_rate": 0.01, "num_of_walks": 5, "overlap_weighting": "normalized_overlap", "lambd": 0.0625, "dump_matrices": true, "initial_gamma": 0.1, "assignment_output": "out/assignment/new_sites.json", "model": "GEMSEC", "cluster_number": 20, "P": 1}, "times": [[1, 987.5110189914703], [2, 962.8722376823425], [3, 941.8396151065826], [4, 768.1101377010345], [5, 619.4812686443329]], "losses": [[1, 1.9049545240803294], [2, 1.683553088039921], [3, 1.6348844540809544], [4, 1.5747136816931655], [5, 1.5159517996195713]]}