{"cluster_quality": [[1, 0.8296095957938358], [2, 0.8341063924662889], [3, 0.8324131681429275], [4, 0.8359767507284767], [5, 0.833912655792004]], "params": {"random_walk_length": 80, "distortion": 0.75, "model": "GEMSEC", "final_gamma": 0.5, "minimal_learning_rate": 0.001, "P": 1, "log_output": "out/logs/politician.json", "Q": 1, "input": "data/politician_edges.csv", "initial_gamma": 0.1, "cluster_mean_output": "out/cluster_means/politician.csv", "assignment_output": "out/assignment/politician.json", "annealing_factor": 1, "window_size": 5, "cluster_number": 20, "initial_learning_rate": 0.01, "dimensions": 16, "num_of_walks": 5, "overlap_weighting": "normalized_overlap", "embedding_output": "out/embeddings/politician.csv", "dump_matrices": true, "regularization_noise": 1e-08, "walker": "first", "lambd": 0.0625, "negative_sample_number": 10}, "times": [[1, 69.78722596168518], [2, 68.61034107208252], [3, 68.15299081802368], [4, 70.11597943305969], [5, 64.74548149108887]], "losses": [[1, 1.1426861235719319], [2, 0.8145834401668571], [3, 0.7583869092728244], [4, 0.7168990997890781], [5, 0.6884490103213673]]}