{"cluster_quality": [[1, 0.5184477369400122], [2, 0.5102124438598079], [3, 0.5004990985263149], [4, 0.49658848011003587], [5, 0.4955189868993921]], "params": {"cluster_mean_output": "out/cluster_means/public_figure.csv", "dimensions": 16, "assignment_output": "out/assignment/public_figure.json", "regularization_noise": 1e-08, "dump_matrices": true, "lambd": 0.0625, "annealing_factor": 1, "model": "GEMSEC", "minimal_learning_rate": 0.001, "window_size": 5, "negative_sample_number": 10, "initial_gamma": 0.1, "log_output": "out/logs/public_figure.json", "overlap_weighting": "normalized_overlap", "distortion": 0.75, "embedding_output": "out/embeddings/public_figure.csv", "Q": 1, "random_walk_length": 80, "walker": "first", "cluster_number": 20, "num_of_walks": 5, "final_gamma": 0.5, "P": 1, "input": "data/public_figure_edges.csv", "initial_learning_rate": 0.01}, "losses": [[1, 1.667041958470044], [2, 1.3552866608362646], [3, 1.2898618192481617], [4, 1.244993886466098], [5, 1.2144523687816116]], "times": [[1, 251.87617659568787], [2, 239.36521244049072], [3, 240.33239698410034], [4, 244.9044017791748], [5, 239.03940391540527]]}