{"times": [[1, 65.76615309715271], [2, 68.63369655609131], [3, 60.10367393493652], [4, 61.070977449417114], [5, 65.86450910568237]], "losses": [[1, 1.155583804392879], [2, 0.6526633732773187], [3, 0.5689082162048886], [4, 0.5333552919198995], [5, 0.50305542818061]], "cluster_quality": [[1, 0.8038155315958254], [2, 0.8084689818843654], [3, 0.8162615976707223], [4, 0.8124353179170646], [5, 0.8121205851959323]], "params": {"final_gamma": 0.5, "regularization_noise": 1e-08, "cluster_number": 20, "model": "GEMSEC", "annealing_factor": 1, "log_output": "out/logs/tvshow.json", "minimal_learning_rate": 0.001, "window_size": 5, "num_of_walks": 5, "overlap_weighting": "normalized_overlap", "cluster_mean_output": "out/cluster_means/tvshow.csv", "initial_learning_rate": 0.01, "P": 1, "lambd": 0.0625, "random_walk_length": 80, "assignment_output": "out/assignment/tvshow.json", "dump_matrices": true, "negative_sample_number": 10, "Q": 1, "input": "data/tvshow_edges.csv", "embedding_output": "out/embeddings/tvshow.csv", "distortion": 0.75, "dimensions": 16, "initial_gamma": 0.1, "walker": "first"}}