{"params": {"dimensions": 16, "embedding_output": "out/embeddings/twitter_combined.csv", "window_size": 5, "model": "GEMSEC", "assignment_output": "out/assignment/twitter_combined.json", "lambd": 0.0625, "cluster_number": 20, "final_gamma": 0.5, "negative_sample_number": 10, "input": "twitter_combined.csv", "initial_learning_rate": 0.01, "num_of_walks": 5, "regularization_noise": 1e-08, "cluster_mean_output": "out/cluster_means/twitter_combined.csv", "overlap_weighting": "normalized_overlap", "minimal_learning_rate": 0.001, "P": 1, "walker": "first", "distortion": 0.75, "annealing_factor": 1, "log_output": "out/logs/twitter_combined.json", "initial_gamma": 0.1, "Q": 1, "random_walk_length": 80, "dump_matrices": true}, "times": [[1, 2740.3166964054108], [2, 2649.0630481243134], [3, 2352.6707570552826], [4, 2714.745929956436], [5, 2401.7265520095825]], "losses": [[1, 1.5025418750864596], [2, 1.5947666668404108], [3, 1.7160691824698753], [4, 1.7745495391792896], [5, 1.796373813744028]], "cluster_quality": [[1, 0.5174164790387575], [2, 0.49586266569389176], [3, 0.4854981489392816], [4, 0.48319106605170375], [5, 0.4804124186469333]]}