{"losses": [[1, 2.1343417958394144], [2, 2.1588799120594486], [3, 2.1939330815375118], [4, 2.1834694789200624], [5, 2.149999147177474]], "cluster_quality": [[1, 0.22086525684201136], [2, 0.18852643266729283], [3, 0.16892323200509987], [4, 0.16770334753578506], [5, 0.16549954849430953]], "times": [[1, 903.3309178352356], [2, 912.6842353343964], [3, 833.3634226322174], [4, 842.4609386920929], [5, 916.4242689609528]], "params": {"lambd": 0.0625, "Q": 1, "regularization_noise": 1e-08, "walker": "first", "P": 1, "initial_gamma": 0.1, "minimal_learning_rate": 0.001, "window_size": 5, "final_gamma": 0.5, "log_output": "out/logs/artist.json", "input": "data/artist_edges.csv", "cluster_number": 20, "distortion": 0.75, "assignment_output": "out/assignment/artist.json", "negative_sample_number": 10, "embedding_output": "out/embeddings/artist.csv", "annealing_factor": 1, "random_walk_length": 80, "dimensions": 16, "overlap_weighting": "normalized_overlap", "model": "DeepWalkWithRegularization", "cluster_mean_output": "out/cluster_means/artist.csv", "initial_learning_rate": 0.01, "dump_matrices": true, "num_of_walks": 5}}