{"losses": [[1, 1.5523996716253723], [2, 1.2854172285368402], [3, 1.2546196905980698], [4, 1.219618466264154], [5, 1.1912645650582923]], "times": [[1, 211.5055387020111], [2, 209.55236506462097], [3, 205.87540459632874], [4, 203.40036129951477], [5, 189.13011074066162]], "params": {"distortion": 0.75, "final_gamma": 0.5, "overlap_weighting": "normalized_overlap", "cluster_number": 20, "walker": "first", "random_walk_length": 80, "initial_learning_rate": 0.01, "dimensions": 16, "assignment_output": "out/assignment/athletes.json", "window_size": 5, "lambd": 0.0625, "num_of_walks": 5, "dump_matrices": true, "regularization_noise": 1e-08, "minimal_learning_rate": 0.001, "annealing_factor": 1, "model": "DeepWalkWithRegularization", "negative_sample_number": 10, "Q": 1, "embedding_output": "out/embeddings/athletes.csv", "initial_gamma": 0.1, "P": 1, "input": "data/athletes_edges.csv", "log_output": "out/logs/athletes.json", "cluster_mean_output": "out/cluster_means/athletes.csv"}, "cluster_quality": [[1, 0.619538092591578], [2, 0.5989296442506007], [3, 0.5501514636821966], [4, 0.5180067518478679], [5, 0.5042427120331443]]}