{"losses": [[1, 1.4215966005664624], [2, 1.0487068222886737], [3, 0.9948722874829996], [4, 0.9626587558122345], [5, 0.9289616553027011]], "cluster_quality": [[1, 0.5959698342612225], [2, 0.5977546977873076], [3, 0.5711467478355454], [4, 0.5519470504738069], [5, 0.5544415640315529]], "times": [[1, 220.03943061828613], [2, 217.0380985736847], [3, 216.01276087760925], [4, 215.39504098892212], [5, 194.93436074256897]], "params": {"walker": "first", "assignment_output": "out/assignment/company.json", "overlap_weighting": "normalized_overlap", "model": "DeepWalkWithRegularization", "regularization_noise": 1e-08, "embedding_output": "out/embeddings/company.csv", "final_gamma": 0.5, "minimal_learning_rate": 0.001, "initial_learning_rate": 0.01, "window_size": 5, "negative_sample_number": 10, "P": 1, "annealing_factor": 1, "dimensions": 16, "log_output": "out/logs/company.json", "initial_gamma": 0.1, "distortion": 0.75, "Q": 1, "cluster_mean_output": "out/cluster_means/company.csv", "cluster_number": 20, "input": "data/company_edges.csv", "dump_matrices": true, "random_walk_length": 80, "num_of_walks": 5, "lambd": 0.0625}}