{"params": {"overlap_weighting": "normalized_overlap", "walker": "first", "log_output": "out/logs/government.json", "cluster_number": 20, "input": "data/government_edges.csv", "distortion": 0.75, "model": "DeepWalkWithRegularization", "cluster_mean_output": "out/cluster_means/government.csv", "annealing_factor": 1, "dump_matrices": true, "initial_gamma": 0.1, "minimal_learning_rate": 0.001, "embedding_output": "out/embeddings/government.csv", "dimensions": 16, "P": 1, "final_gamma": 0.5, "random_walk_length": 80, "num_of_walks": 5, "window_size": 5, "assignment_output": "out/assignment/government.json", "Q": 1, "regularization_noise": 1e-08, "initial_learning_rate": 0.01, "negative_sample_number": 10, "lambd": 0.0625}, "cluster_quality": [[1, 0.686423696997138], [2, 0.6673551480694766], [3, 0.6697547064582553], [4, 0.6621387973760867], [5, 0.6697479613731455]], "times": [[1, 64.53185606002808], [2, 69.12882828712463], [3, 67.58856511116028], [4, 66.84162616729736], [5, 51.217092514038086]], "losses": [[1, 1.6232417202864116], [2, 1.3268695518023927], [3, 1.2727789228954411], [4, 1.2323724090080643], [5, 1.2035930486932023]]}