{"params": {"dimensions": 16, "embedding_output": "out/embeddings/new_sites.csv", "regularization_noise": 1e-08, "assignment_output": "out/assignment/new_sites.json", "Q": 1, "lambd": 0.0625, "random_walk_length": 80, "negative_sample_number": 10, "overlap_weighting": "normalized_overlap", "initial_gamma": 0.1, "window_size": 5, "cluster_mean_output": "out/cluster_means/new_sites.csv", "initial_learning_rate": 0.01, "final_gamma": 0.5, "P": 1, "cluster_number": 20, "dump_matrices": true, "input": "data/new_sites_edges.csv", "minimal_learning_rate": 0.001, "log_output": "out/logs/new_sites.json", "distortion": 0.75, "num_of_walks": 5, "annealing_factor": 1, "walker": "first", "model": "DeepWalkWithRegularization"}, "cluster_quality": [[1, 0.45779765058622507], [2, 0.4105687618812815], [3, 0.3738417714927815], [4, 0.3620006548392282], [5, 0.35035770991951104]], "times": [[1, 328.2850341796875], [2, 472.92753744125366], [3, 391.28744316101074], [4, 412.90980315208435], [5, 388.7014501094818]], "losses": [[1, 1.8384255804915473], [2, 1.6273918162701606], [3, 1.586252971180569], [4, 1.5281305166989754], [5, 1.4790893173552886]]}