{"params": {"P": 1, "initial_gamma": 0.1, "cluster_number": 20, "log_output": "out/logs/politician.json", "negative_sample_number": 10, "model": "DeepWalkWithRegularization", "final_gamma": 0.5, "dimensions": 16, "walker": "first", "random_walk_length": 80, "overlap_weighting": "normalized_overlap", "initial_learning_rate": 0.01, "dump_matrices": true, "cluster_mean_output": "out/cluster_means/politician.csv", "embedding_output": "out/embeddings/politician.csv", "input": "data/politician_edges.csv", "Q": 1, "distortion": 0.75, "num_of_walks": 5, "minimal_learning_rate": 0.001, "assignment_output": "out/assignment/politician.json", "annealing_factor": 1, "window_size": 5, "regularization_noise": 1e-08, "lambd": 0.0625}, "cluster_quality": [[1, 0.8338135659944427], [2, 0.8417395041850002], [3, 0.8257937297888918], [4, 0.8305015975044036], [5, 0.8272649915529863]], "times": [[1, 51.68598008155823], [2, 49.65841746330261], [3, 50.75929021835327], [4, 51.00318503379822], [5, 49.8053719997406]], "losses": [[1, 1.139843819254332], [2, 0.7753427932158707], [3, 0.7260455095176708], [4, 0.7137989485663152], [5, 0.6702462456879706]]}