{"cluster_quality": [[1, 0.5535926073381104], [2, 0.5007901533412178], [3, 0.47298844399015116], [4, 0.45422957814583353], [5, 0.44828233707764525]], "losses": [[1, 1.610887696788881], [2, 1.2931265789218218], [3, 1.2413605514908965], [4, 1.2008765241223796], [5, 1.171243001384378]], "times": [[1, 137.11743783950806], [2, 132.97055387496948], [3, 126.70798707008362], [4, 118.10964894294739], [5, 116.84475183486938]], "params": {"num_of_walks": 5, "final_gamma": 0.5, "initial_gamma": 0.1, "negative_sample_number": 10, "distortion": 0.75, "input": "data/public_figure_edges.csv", "assignment_output": "out/assignment/public_figure.json", "walker": "first", "lambd": 0.0625, "dump_matrices": true, "dimensions": 16, "P": 1, "embedding_output": "out/embeddings/public_figure.csv", "overlap_weighting": "normalized_overlap", "model": "DeepWalkWithRegularization", "random_walk_length": 80, "regularization_noise": 1e-08, "minimal_learning_rate": 0.001, "log_output": "out/logs/public_figure.json", "window_size": 5, "cluster_mean_output": "out/cluster_means/public_figure.csv", "cluster_number": 20, "initial_learning_rate": 0.01, "annealing_factor": 1, "Q": 1}}