{"params": {"minimal_learning_rate": 0.001, "Q": 1, "annealing_factor": 1, "lambd": 0.0625, "log_output": "out/logs/tvshow.json", "distortion": 0.75, "initial_learning_rate": 0.01, "assignment_output": "out/assignment/tvshow.json", "cluster_number": 20, "embedding_output": "out/embeddings/tvshow.csv", "num_of_walks": 5, "P": 1, "overlap_weighting": "normalized_overlap", "input": "data/tvshow_edges.csv", "negative_sample_number": 10, "initial_gamma": 0.1, "random_walk_length": 80, "final_gamma": 0.5, "regularization_noise": 1e-08, "cluster_mean_output": "out/cluster_means/tvshow.csv", "walker": "first", "dump_matrices": true, "window_size": 5, "dimensions": 16, "model": "DeepWalkWithRegularization"}, "losses": [[1, 1.155083879977771], [2, 0.6184971142021359], [3, 0.538597593656363], [4, 0.49559392544447145], [5, 0.4734702818358307]], "times": [[1, 26.383629322052002], [2, 26.03410577774048], [3, 25.786656141281128], [4, 26.56791043281555], [5, 25.82073664665222]], "cluster_quality": [[1, 0.8243949012325944], [2, 0.8267087386218096], [3, 0.8295645446627691], [4, 0.8350079410921882], [5, 0.84743000192995]]}