{"losses": [[1, 1.4705217626286968], [2, 1.5513378047264552], [3, 1.6488468381620454], [4, 1.7072156369376854], [5, 1.7109792301576725]], "params": {"dimensions": 16, "cluster_mean_output": "out/cluster_means/twitter_combined.csv", "cluster_number": 20, "lambd": 0.0625, "regularization_noise": 1e-08, "input": "twitter_combined.csv", "initial_learning_rate": 0.01, "embedding_output": "out/embeddings/twitter_combined.csv", "minimal_learning_rate": 0.001, "model": "DeepWalkWithRegularization", "random_walk_length": 80, "negative_sample_number": 10, "dump_matrices": true, "overlap_weighting": "normalized_overlap", "assignment_output": "out/assignment/twitter_combined.json", "distortion": 0.75, "log_output": "out/logs/twitter_combined.json", "annealing_factor": 1, "walker": "first", "num_of_walks": 5, "Q": 1, "P": 1, "initial_gamma": 0.1, "final_gamma": 0.5, "window_size": 5}, "times": [[1, 2094.1175801754], [2, 2083.3482987880707], [3, 2079.0579946041107], [4, 2089.9559330940247], [5, 2050.5138037204742]], "cluster_quality": [[1, 0.5405678390648647], [2, 0.5168979131223479], [3, 0.5293562810959788], [4, 0.5319806656957455], [5, 0.5416993313975172]]}